,yield [thousands of bushels],price [$/bushel],total,expected_income_options
0,214.09,4.749,1016713.4099999999,1226297.2379
1,248.23,5.217,1295015.91,1371137.0379000003
2,212.46,4.904,1041903.84,1206243.1679
3,249.63,4.193,1046698.59,1418578.8179
4,255.92,8.064,2063738.88,1775005.8079
5,264.77,3.944,1044252.88,1488816.2079
6,256.43,3.507,899300.01,1471423.6379000002
7,220.12,6.764,1488891.6800000002,1254594.6079000002
8,251.84,6.241,1571733.44,1405415.3679
9,245.19,4.616,1131797.04,1380203.5679000001
10,249.58,6.19,1544900.2000000002,1388017.1279000002
11,273.09,5.814,1587745.26,1510410.3879
12,224.43,6.489,1456326.27,1244128.1979
13,247.7,6.536,1618967.1999999997,1401998.1278999997
14,250.54,4.253,1065546.62,1419912.8478999997
15,256.79,5.626,1444700.5400000003,1412241.2679000003
16,222.67,5.445,1212438.15,1225312.0779
17,258.97,6.841,1771613.7700000003,1531464.6979000003
18,252.92,10.401,2630620.92,2341887.8479
19,253.89,7.282,1848826.9799999997,1582691.3079
20,245.14,6.549,1605421.8599999999,1387464.7878999999
21,244.72,7.86,1923499.2,1638084.1279
22,256.85,8.737,2244098.45,1955365.3779000004
23,255.35,3.38,863083.0,1472277.9279
24,243.41,3.255,792299.5499999999,1437981.9779
25,259.35,7.169,1859280.1500000001,1598715.3779000002
26,264.69,5.366,1420326.5399999998,1455115.0679
27,259.49,10.349,2685462.0100000002,2396728.9379000003
28,269.77,3.641,982232.57,1515241.5979
29,233.14,6.522,1520539.08,1304634.0079000003
30,261.77,8.852,2317188.04,2028454.9679000003
31,258.48,2.833,732273.8400000001,1501138.0679000001
32,228.68,4.379,1001389.7199999999,1318976.5479
33,264.67,5.046,1335524.82,1459081.3479000002
34,227.57,10.876,2475051.3199999994,2186318.2478999994
35,262.58,7.149,1877184.42,1617605.6479
36,246.66,5.553,1369702.98,1354668.8078999997
37,231.74,3.846,891272.04,1364441.5679000004
38,248.45,4.285,1064608.25,1409633.6779
39,209.78,10.178,2135140.84,1846407.7678999999
40,240.97,2.243,540495.71,1481580.9378999998
41,271.0,5.11,1384810.0000000002,1490612.9279000002
42,219.83,7.729,1699066.07,1416755.6979
43,240.82,6.702,1613975.64,1384390.5679000001
44,247.05,5.11,1262425.5,1368228.4279
45,252.84,4.115,1040436.6,1435085.0278999999
46,251.73,7.886,1985142.7799999998,1699111.5078999999
47,244.13,5.841,1425963.33,1342183.5579000001
48,252.35,4.415,1114125.25,1421203.6779
49,258.58,5.263,1360906.54,1424267.2678999996
50,226.21,6.245,1412681.45,1245623.3779
51,268.51,7.942,2132506.4200000004,1845147.9479000005
52,260.41,1.326,345303.66000000003,1554061.1879
53,233.09,8.847,2062147.23,1773414.1579
54,227.62,5.868,1335674.16,1245449.4878999996
55,237.79,3.094,735722.2599999999,1428400.5879
56,258.85,5.935,1536274.75,1430057.1779
57,226.25,11.453,2591241.25,2302508.1779
58,236.4,7.315,1729266.0,1461503.4279
59,245.96,9.16,2252993.6,1964260.5279000003
60,256.05,7.258,1858410.9000000001,1593458.4279
61,253.99,6.004,1524955.96,1402482.8879
62,225.02,8.046,1810510.92,1521777.8479
63,266.91,8.405,2243378.55,1954645.4779
64,237.6,7.957,1890583.1999999997,1602869.2278999998
65,247.72,8.503,2106363.1599999997,1817630.0878999997
66,261.73,6.166,1613827.1800000002,1461384.1079000002
67,230.42,5.445,1254636.9,1267510.8279
68,252.79,4.758,1202774.8199999998,1409731.5478999994
69,225.01,9.622,2165046.2199999997,1876313.1479
70,236.87,3.719,880919.53,1391160.3579
71,246.73,7.688,1896860.2399999998,1615521.5678999997
72,242.01,5.547,1342429.4699999997,1328827.4979
73,256.88,4.655,1195776.4,1432798.8279
74,249.28,5.645,1407185.5999999999,1370191.0278999999
75,234.41,9.009,2111799.69,1823066.6179
76,224.04,5.318,1191444.72,1239548.4478999998
77,228.98,6.03,1380749.4,1253466.3279
78,244.68,2.525,617817.0,1476586.4279000002
79,256.6,7.718,1980438.8,1698389.1279
80,257.38,7.461,1920312.1800000002,1645351.8079000001
81,250.01,6.513,1628315.13,1413094.0578999997
82,219.81,5.404,1187853.24,1212100.5679
83,221.67,4.827,1070001.09,1256816.7179000005
84,237.73,5.582,1327008.8599999999,1305052.3879000002
85,246.51,5.61,1382921.1,1354281.0279
86,234.87,8.189,1923350.43,1634617.3579
87,242.45,7.261,1760429.45,1495329.0779
88,246.21,3.92,965143.2,1416712.1279
89,241.65,2.733,660429.4500000001,1458483.6779
90,222.13,7.252,1610886.7599999998,1346230.0879
91,272.09,8.507,2314669.63,2025936.5579000001
92,254.91,7.457,1900863.8699999999,1626100.6979
93,248.64,3.049,758103.36,1463917.1879
94,235.43,9.445,2223636.35,1934903.2779000003
95,213.07,6.879,1465708.5299999998,1222671.4578999998
96,252.55,5.86,1479943.0000000002,1391627.9279000002
97,254.55,7.186,1829196.3,1567793.4279
98,256.5,7.247,1858855.5,1594445.3279000001
99,251.7,4.544,1143724.8,1413148.1279
100,226.2,6.059,1370545.7999999998,1237897.7278999998
101,278.96,9.4,2622223.9999999995,2333490.9278999995
102,231.3,7.063,1633671.9000000001,1378332.9279
103,268.94,6.486,1744344.84,1532701.7679
104,254.64,7.173,1826532.72,1565770.7478999998
105,228.05,9.771,2228276.5500000003,1939543.4779000005
106,270.65,7.064,1911871.5999999999,1656483.3279
107,239.23,3.713,888260.99,1400253.2179
108,245.86,6.999,1720774.14,1468617.0679
109,270.77,7.082,1917593.1399999997,1661317.4678999998
110,234.2,5.53,1295126.0,1285581.9279
111,254.89,2.849,726181.61,1490375.4379
112,230.79,6.865,1584373.35,1342400.2779
113,242.74,5.364,1302057.36,1337400.6879
114,249.89,10.596,2647834.44,2359101.3679
115,242.63,9.904,2403007.52,2114274.4479
116,214.71,7.135,1531955.85,1273067.2779
117,242.49,8.009,1942102.4100000001,1653369.3379000002
118,247.06,9.289,2294940.3400000003,2006207.2679000006
119,224.69,3.355,753834.95,1370327.3779
120,259.84,8.751,2273859.84,1985126.7679
121,260.89,2.602,678835.7799999999,1515128.9079000002
122,244.14,3.839,937253.46,1412466.2878999999
123,233.88,5.881,1375448.28,1282120.5079
124,250.55,0.564,141310.19999999998,1572495.5279000003
125,251.43,7.319,1840216.1700000002,1572256.3979000002
126,240.5,4.787,1151273.5,1349765.1279000004
127,272.25,3.728,1014948.0000000001,1522561.7278999998
128,248.17,4.835,1199901.95,1384382.3779
129,270.78,4.653,1259939.3399999996,1497545.5678999994
130,244.33,6.142,1500674.86,1352671.7879000003
131,259.22,5.686,1473924.9200000002,1427143.6479000002
132,243.43,5.976,1454737.68,1338733.4079
133,241.02,5.345,1288251.9,1328865.8279
134,258.6,9.986,2582379.6,2293646.5279
135,255.67,7.037,1799149.79,1545092.6179000002
136,252.35,3.099,782032.65,1473251.4779
137,220.62,8.767,1934175.54,1645442.4679
138,244.74,6.431,1573922.9400000002,1372454.8679000002
139,252.47,5.942,1500176.7400000002,1392288.2679000006
140,258.75,4.67,1208362.5,1441006.4279
141,230.85,4.146,957104.0999999999,1342703.6279
142,233.73,4.025,940763.2500000001,1361682.6779
143,232.81,10.281,2393519.6100000003,2104786.5379000003
144,240.35,4.772,1146950.2,1349820.3279000004
145,252.53,6.869,1734628.5699999998,1492351.4978999998
146,260.36,6.764,1761075.0400000003,1526777.9679000003
147,253.28,5.632,1426472.9599999997,1392581.4879
148,252.8,6.609,1670755.2,1448238.1279
149,266.27,7.786,2073178.2199999997,1789516.9478999998
150,260.75,7.435,1938676.25,1664997.6779
151,230.3,4.551,1048095.3000000002,1315475.3279000001
152,252.79,5.868,1483371.7200000002,1393147.0479
153,255.45,4.819,1231013.5499999998,1420164.3778999997
154,263.93,5.74,1514958.2,1455287.1279
155,241.52,7.721,1864775.92,1582655.1479
156,257.27,8.907,2291503.89,2002770.8179000004
157,243.61,8.518,2075069.9800000002,1786336.9079000002
158,248.38,4.689,1164653.82,1391751.6479
159,268.6,5.381,1445336.6,1475964.1279000002
160,228.19,8.613,1965400.4699999997,1676667.3978999997
161,230.17,6.954,1600602.18,1351865.1079
162,235.18,9.483,2230211.94,1941478.8679000002
163,250.18,4.429,1108047.2200000002,1411039.0479000001
164,265.47,11.712,3109184.6400000006,2820451.5679000006
165,244.15,7.501,1831369.1500000001,1554462.3779000002
166,266.26,7.591,2021179.66,1742139.8879
167,247.62,5.338,1321795.56,1364351.2878999996
168,250.97,6.211,1558774.67,1398006.5979
169,261.68,4.135,1082046.8,1470857.2279
170,262.3,7.02,1841346.0,1588126.9279
171,209.07,7.514,1570951.98,1293737.1079
172,220.05,2.667,586873.35,1404192.9779000003
173,221.23,3.862,854390.26,1322889.3879000004
174,241.08,9.526,2296528.08,2007795.0079000003
175,247.23,6.597,1630976.31,1409371.2379000003
176,212.92,2.547,542307.24,1394654.8679000004
177,210.21,9.289,1952640.69,1663907.6179
178,229.73,3.997,918230.8099999999,1347323.4379000003
179,243.95,9.042,2205795.9,1917062.8279000001
180,240.83,4.71,1134309.3,1355277.2279
181,240.26,6.194,1488170.44,1330547.3679
182,239.56,6.952,1665421.1199999999,1416836.0479000001
183,255.55,10.072,2573899.5999999996,2285166.5278999996
184,247.4,8.444,2089045.6000000003,1800312.5279000003
185,240.27,7.572,1819324.4400000002,1540734.9679000003
186,238.32,8.244,1964710.0799999998,1675977.0078999999
187,248.68,6.936,1724844.48,1477475.4079
188,255.0,6.379,1626645.0,1434796.9279
189,203.97,4.378,892980.66,1210859.3879
190,239.48,10.591,2536332.6799999997,2247599.6078999997
191,254.98,8.116,2069417.68,1780684.6079
192,243.75,3.491,850931.25,1427725.2779000003
193,226.16,7.199,1628125.8399999999,1366082.0679
194,263.81,3.497,922543.57,1497586.1979000003
195,232.24,3.949,917115.76,1360219.5879
196,258.1,4.833,1247397.3,1432461.5278999996
197,239.26,5.397,1291286.22,1317475.3479000004
198,236.75,7.676,1817293.0000000002,1536238.7279000003
199,254.63,7.037,1791831.31,1537774.1379000002
200,233.1,4.212,981817.2,1348151.3279000001
201,216.14,7.431,1606136.34,1332654.9679
202,270.28,7.184,1941691.5199999998,1680387.2478999998
203,254.89,8.336,2124763.04,1836029.9679
204,232.49,7.034,1635334.66,1381425.3879
205,255.9,4.693,1200938.7,1426868.9278999998
206,256.27,4.952,1269049.0399999998,1419377.1679000002
207,243.93,6.341,1546760.1300000001,1361942.0579000001
208,258.06,7.083,1827838.98,1571514.0078999999
209,237.13,5.788,1372508.4400000002,1301379.7678999999
210,259.18,4.481,1161385.5799999998,1449198.6079
211,261.5,7.347,1921240.5,1651900.3279000001
212,221.85,8.238,1827600.2999999998,1538867.2278999998
213,255.87,9.023,2308715.01,2019981.9379
214,252.93,8.285,2095525.0500000003,1806791.9779000003
215,264.25,5.06,1337104.9999999998,1456777.9278999998
216,263.06,7.828,2059233.6800000002,1774577.0079
217,238.57,6.358,1516828.0599999998,1328864.9878999996
218,262.55,2.989,784761.95,1508089.7778999999
219,253.38,2.424,614193.12,1502444.4479000003
220,260.3,4.86,1265058.0000000002,1442240.9279000002
221,251.39,5.771,1450771.6899999997,1383700.9178999998
222,242.21,6.45,1562254.5,1357271.4279
223,263.94,7.431,1961338.1400000001,1687856.7679
224,245.51,7.639,1875450.8900000001,1595273.5179
225,245.12,5.571,1365563.52,1346232.7479
226,254.49,8.561,2178688.89,1889955.8179000004
227,257.89,9.3,2398377.0,2109643.9279
228,257.56,7.932,2042965.9200000002,1755844.4479000003
229,222.42,5.691,1265792.2199999997,1217817.4478999998
230,205.87,5.21,1072582.7,1150645.6279
231,235.37,4.316,1015856.9199999999,1351833.4479
232,234.55,3.023,709044.65,1422447.8779
233,254.3,7.832,1991677.6,1706926.1279000002
234,250.43,5.228,1309248.04,1382317.7678999996
235,241.81,4.099,991179.1900000001,1390498.0179
236,270.96,7.995,2166325.1999999997,1877710.6279
237,261.61,4.509,1179599.49,1459239.3179
238,249.93,8.027,2006188.1099999999,1717455.0378999999
239,256.43,6.57,1684745.1,1465192.0279
240,239.79,9.443,2264336.9699999997,1975603.8979
241,230.8,8.899,2053889.2000000002,1765156.1279000002
242,243.85,8.851,2158316.35,1869583.2779000003
243,234.44,10.985,2575323.4,2286590.3279
244,253.52,4.807,1218670.6400000001,1411324.2679000006
245,261.98,6.76,1770984.8000000003,1536991.7279000003
246,249.34,3.643,908345.62,1440770.8478999997
247,246.46,5.205,1282824.3,1362274.2279
248,253.97,10.214,2594049.58,2305316.5079
249,246.13,6.852,1686482.76,1445497.6879000003
250,232.96,7.983,1859719.68,1571389.5078999999
251,257.75,6.517,1679756.75,1464231.6779000002
252,241.69,9.035,2183669.1500000004,1894936.0779000006
253,268.0,8.338,2234584.0,1945850.9279000002
254,242.26,9.635,2334175.1,2045442.0279000003
255,244.41,7.765,1897843.65,1614680.0779
256,258.72,4.624,1196321.28,1442392.6079
257,242.34,8.209,1989369.06,1700635.9879
258,253.8,7.676,1948168.8,1667114.5279
259,255.91,5.452,1395221.3199999998,1406153.4479000003
260,233.94,5.76,1347494.4000000001,1283049.3279000001
261,229.59,3.414,783820.2600000001,1383090.5879000002
262,252.43,4.951,1249780.93,1400400.9579
263,245.76,6.287,1545093.12,1370265.0479000004
264,240.28,6.0,1441680.0,1319946.9279
265,220.46,5.429,1196877.34,1214189.6679
266,263.5,5.825,1534887.5,1454926.9279
267,269.54,8.817,2376534.18,2087801.1079000002
268,255.38,7.062,1803493.56,1548203.8879000002
269,250.36,8.979,2247982.44,1959249.3679000002
270,252.73,5.781,1461032.13,1391574.3579
271,230.26,2.215,510025.8999999999,1459284.3279000001
272,200.84,7.274,1460910.1600000001,1195168.8879000002
273,224.82,11.105,2496626.1,2207893.0279
274,250.64,4.368,1094795.52,1415593.2478999996
275,258.99,6.271,1624126.29,1452258.2179
276,241.57,5.85,1413184.4999999998,1327256.4278999998
277,220.09,6.271,1380184.39,1208316.3179
278,241.18,6.809,1642194.6199999999,1404477.5479
279,278.29,4.092,1138762.68,1540124.8079000004
280,249.08,2.633,655827.6400000001,1483071.8679
281,246.65,6.507,1604951.55,1390186.4779000003
282,265.45,7.215,1915221.75,1652389.1779
283,232.09,7.504,1741603.3599999999,1464625.4878999998
284,263.03,5.328,1401423.8399999999,1446753.5678999994
285,219.38,5.204,1141653.5199999998,1221380.8478999997
286,250.42,7.629,1910454.1799999997,1630513.8078999997
287,250.08,4.85,1212888.0,1392989.9279
288,249.65,9.163,2287542.95,1998809.8779000004
289,259.68,8.422,2187024.96,1898291.8879000002
290,250.59,7.618,1908994.62,1629314.9479
291,249.32,4.119,1026949.0799999998,1420429.9078999998
292,237.7,5.011,1191114.7000000002,1324380.2279000003
293,253.13,4.893,1238565.0899999999,1406115.3178999994
294,232.3,9.638,2238907.4,1950174.3279000001
295,231.45,8.566,1982600.7,1693867.6279
296,249.2,1.335,332681.99999999994,1538812.4279000002
297,257.88,4.846,1249686.48,1430956.0079
298,252.19,8.694,2192539.8600000003,1903806.7879000006
299,261.47,3.989,1043003.8300000001,1474431.6579
300,223.77,6.51,1456742.7,1241749.6279
301,261.26,9.239,2413781.14,2125048.0679
302,222.24,2.37,526708.8,1430722.7279
303,252.54,9.543,2409989.2199999997,2121256.1478999997
304,255.82,5.804,1484779.28,1409831.4079
305,233.11,6.748,1573026.28,1339945.2078999998
306,240.98,7.804,1880607.92,1596520.0479
307,257.38,5.894,1516997.72,1420566.8479
308,231.26,10.558,2441643.0799999996,2152910.0078999996
309,229.41,10.787,2474645.6700000004,2185912.5979000004
310,246.29,5.355,1318882.9500000002,1356722.8779000002
311,225.5,8.033,1811441.5,1522708.4279
312,252.89,6.584,1665027.7599999998,1444410.6878999998
313,225.17,8.865,1996132.05,1707398.9779
314,227.25,8.341,1895492.2499999998,1606759.1778999998
315,254.89,6.961,1774289.29,1525020.2179
316,217.16,3.734,810875.4400000001,1316737.7679
317,212.39,5.053,1073206.67,1194821.3978999995
318,243.72,8.262,2013614.64,1724881.5679
319,239.63,8.69,2082384.7,1793651.6279
320,227.97,7.592,1730748.24,1451684.7679
321,261.93,8.722,2284553.46,1995820.3879000002
322,239.92,10.717,2571222.64,2282489.5679
323,208.2,4.7,978540.0,1202426.9279
324,238.55,6.506,1552006.3000000003,1337317.2279000003
325,235.53,6.174,1454162.2200000002,1300239.1479000002
326,254.42,5.604,1425769.68,1398561.8079
327,244.18,6.058,1479242.44,1346779.3678999997
328,249.42,8.207,2046989.9400000002,1758256.8679000002
329,228.13,3.624,826743.12,1364714.4479
330,252.56,9.465,2390480.4,2101747.3279
331,248.9,5.997,1492653.3,1371636.3279000004
332,242.95,8.447,2052198.65,1763465.5779
333,253.75,7.131,1809491.25,1550799.8779
334,268.93,6.891,1853196.6300000001,1609247.5579000001
335,235.84,3.612,851854.0800000001,1393328.2079000003
336,262.29,7.551,1980551.7900000003,1702460.0179000003
337,245.74,5.502,1352061.48,1349201.0079000003
338,259.17,7.781,2016601.77,1733058.9979
339,240.85,6.873,1655362.05,1412780.9778999998
340,249.44,6.041,1506867.04,1377548.9679
341,255.24,7.511,1917107.6400000001,1639963.8679000002
342,248.9,6.147,1529988.3000000003,1381060.2279000005
343,248.02,6.186,1534251.72,1378108.6479
344,218.62,4.278,935256.36,1282325.0879000002
345,236.46,5.336,1261750.5600000003,1304861.0879000004
346,268.1,7.178,1924421.8,1663413.3279
347,229.53,3.909,897232.7699999999,1352012.5979000002
348,242.51,7.771,1884545.21,1601239.4379
349,244.16,4.798,1171479.68,1366760.4078999995
350,245.39,7.729,1896619.3099999998,1614308.9378999998
351,245.27,7.032,1724738.6400000001,1470927.9679000003
352,236.56,6.327,1496715.12,1314487.0479000004
353,229.7,3.342,767657.3999999999,1387944.5279
354,256.27,2.584,662201.68,1503749.0079
355,235.39,9.274,2183006.8599999994,1894273.7878999996
356,256.16,9.479,2428140.64,2139407.5679
357,261.94,6.04,1582117.6,1452984.5279
358,270.8,5.581,1511334.8,1489617.0279
359,234.66,6.691,1570110.06,1341360.9879
360,218.81,6.121,1339336.0100000002,1195217.9379000003
361,225.32,6.139,1383239.48,1235791.4079
362,246.45,5.801,1429656.45,1355424.6779
363,215.4,4.958,1067953.2000000002,1216529.9278999998
364,254.13,7.522,1911565.8599999999,1634161.3879
365,253.53,10.063,2551272.39,2262539.3179
366,225.14,7.964,1793014.96,1505135.0879
367,239.31,3.049,729656.1900000001,1435470.0179
368,261.35,6.289,1643630.15,1468432.0779
369,261.12,4.177,1090698.24,1467248.8679000004
370,252.25,4.338,1094260.5,1423815.2278999996
371,274.63,8.158,2240431.54,1951698.4679000003
372,226.86,7.826,1775406.3599999999,1490797.0879
373,235.18,10.407,2447518.2600000002,2158785.1879000003
374,212.58,10.226,2173843.08,1885110.0079000003
375,258.22,4.481,1157083.82,1444896.8479000002
376,248.78,8.506,2116122.68,1827389.6079000002
377,260.84,5.55,1447661.9999999998,1433343.9278999998
378,256.11,1.592,407727.12000000005,1538839.2479000003
379,255.42,12.525,3199135.5,2910402.4279
380,251.8,6.029,1518102.2,1391004.1279
381,248.76,4.148,1031856.4799999999,1416872.2078999996
382,248.5,8.809,2189036.4999999995,1900303.4278999998
383,227.33,4.445,1010481.8500000001,1308803.2779
384,267.32,6.791,1815370.12,1579021.0479000001
385,247.54,5.257,1301317.7799999998,1366342.9079000002
386,239.67,6.515,1561450.0499999998,1346076.9778999998
387,223.0,8.619,1922037.0,1633303.9279
388,252.32,8.135,2052623.2,1763890.1279
389,230.86,3.646,841715.5599999999,1373265.0879000002
390,268.96,7.984,2147376.64,1859022.7679
391,254.56,5.428,1381751.6800000002,1399341.4078999998
392,224.7,6.045,1358311.5,1228253.4279
393,257.74,7.664,1975319.3599999999,1694549.4878999998
394,244.62,1.89,462331.8,1506457.7279000003
395,257.24,3.532,908571.68,1473397.8079000004
396,244.6,5.595,1368536.9999999998,1343477.4278999998
397,249.57,5.098,1272307.8599999999,1381439.5878999995
398,254.89,10.437,2660286.9299999997,2371553.8578999997
399,223.46,4.001,894063.4600000001,1321988.4879000003
400,245.71,9.508,2336210.6799999997,2047477.6079
401,252.18,4.733,1193567.94,1407822.1678999995
402,249.45,4.852,1210331.4000000001,1389849.5279000006
403,225.32,4.975,1120966.9999999998,1264581.4278999998
404,266.42,5.452,1452521.84,1463453.9679000005
405,246.75,6.254,1543174.4999999998,1374451.4278999998
406,261.09,8.211,2143809.9899999998,1855076.9178999998
407,260.81,7.403,1930776.43,1658675.4578999998
408,251.17,6.241,1567551.9699999997,1401233.8978999997
409,240.6,6.25,1503750.0,1335766.9279
410,210.44,9.172,1930155.6800000002,1641422.6079000002
411,238.32,6.933,1652272.5599999998,1405131.4878999996
412,226.27,8.765,1983256.5500000003,1694523.4779000003
413,256.91,5.051,1297652.4100000001,1419821.9379000003
414,257.26,6.754,1737534.0399999998,1503996.9678999998
415,247.16,4.725,1167831.0,1384420.4279
416,203.55,4.319,879132.4500000001,1214233.2779
417,253.33,9.004,2280983.32,1992250.2479
418,269.57,5.163,1391789.91,1482890.6378999995
419,249.62,3.206,800281.72,1460267.2479
420,261.5,7.097,1855865.5,1598850.3279000001
421,247.0,6.512,1608464.0,1393318.9279000002
422,244.73,4.862,1189877.26,1366476.3879000004
423,259.37,7.065,1832449.0500000003,1577011.4779000003
424,239.68,4.596,1101569.2800000003,1355813.8079000004
425,235.94,6.901,1628221.94,1383512.8679
426,236.64,5.959,1410137.7599999998,1298191.3878999997
427,238.63,4.481,1069301.0299999998,1357114.0579
428,221.9,4.267,946847.3000000002,1297126.9279000002
429,244.72,8.272,2024323.84,1735590.7679
430,233.83,10.48,2450538.4000000004,2161805.3279000004
431,261.89,5.019,1314425.91,1445472.2378999998
432,254.7,6.631,1688915.7,1464726.6279
433,230.34,3.276,754593.84,1394146.3679000002
434,263.17,8.309,2186679.53,1897946.4579
435,226.39,1.058,239520.62,1526507.3479
436,248.47,4.024,999843.28,1421054.6079
437,249.4,4.941,1232285.4,1385824.4279
438,217.23,5.951,1292735.73,1182698.9579
439,219.34,4.535,994706.9,1266757.3279
440,254.66,6.285,1600538.1,1426080.0279
441,235.81,8.126,1916192.0599999998,1627458.9878999998
442,234.32,2.631,616495.9199999999,1444323.9479000003
443,249.18,4.805,1197309.9,1390547.3279
444,249.28,2.863,713688.64,1473795.8679
445,219.8,6.247,1373090.6,1205662.5279000003
446,233.91,10.288,2406466.08,2117733.0079
447,254.38,5.623,1430378.7400000002,1398635.5679
448,246.87,7.933,1958419.71,1671274.5378999999
449,247.6,5.205,1288758.0,1368207.9279
450,217.76,3.989,868644.64,1300072.4679000003
451,249.06,5.589,1391996.34,1368368.9679
452,248.07,2.821,699805.47,1472172.4979
453,218.86,4.208,920962.88,1288464.6078999997
454,204.04,6.018,1227912.7199999997,1102849.6478999995
455,230.9,5.158,1190982.2000000002,1283469.9278999998
456,219.5,6.524,1432018.0,1215960.9279
457,263.24,3.203,843157.7200000001,1504018.9479
458,248.07,5.791,1436573.37,1364728.5979000002
459,241.56,8.624,2083213.44,1794480.3679
460,250.36,11.207,2805784.52,2517051.4479
461,244.18,9.153,2234979.54,1946246.4679000003
462,260.89,1.773,462557.97,1540836.1979
463,247.02,5.372,1326991.44,1360115.5679000004
464,227.3,7.315,1662699.5000000002,1394936.9279000002
465,261.01,5.965,1556924.65,1443546.0779
466,255.11,7.386,1884242.4600000002,1612979.5879000002
467,244.51,2.368,578999.6799999999,1483597.4079
468,246.03,7.887,1940438.6099999999,1654383.6379
469,229.88,7.024,1614677.12,1361260.8479000002
470,260.4,6.46,1682183.9999999998,1475350.9278999998
471,239.01,6.544,1564081.44,1346504.3679
472,242.07,6.521,1578538.47,1362709.3979
473,242.4,4.66,1129584.0,1365146.9279
474,227.29,3.56,809152.3999999999,1365805.3279000001
475,229.08,12.088,2769119.04,2480385.9679
476,217.73,8.676,1889025.48,1600292.4079
477,233.27,6.804,1587169.08,1349832.0079
478,232.19,7.249,1683145.3099999998,1418636.5378999999
479,227.51,6.241,1419889.91,1253571.8379
480,242.6,6.433,1560645.8,1358807.7278999998
481,230.03,7.263,1670707.89,1405508.9178999998
482,242.91,4.924,1196088.84,1354590.1679
483,250.42,5.323,1332985.6600000001,1379702.3878999997
484,233.94,8.062,1886024.2799999998,1597291.2078999998
485,233.56,8.308,1940416.48,1651683.4079
486,249.93,9.143,2285109.99,1996376.9179000005
487,250.49,7.126,1784991.7400000002,1526546.8679000002
488,262.65,7.855,2063115.75,1777819.1779
489,225.49,6.96,1569410.4,1320217.3279
490,267.57,7.124,1906168.6799999997,1647822.4078999998
491,240.64,6.94,1670041.6,1422368.5279
492,250.44,10.493,2627866.92,2339133.8479
493,235.31,4.569,1075131.39,1337257.2178999998
494,252.55,8.116,2049695.8,1760962.7279
495,254.73,6.884,1753561.32,1510144.2479
496,222.8,5.063,1128036.4,1246877.1278999995
497,218.26,8.152,1779255.5199999998,1490522.4478999998
498,251.19,7.142,1793998.98,1534765.3079000001
499,228.66,7.702,1761139.32,1479468.8479000002
500,226.12,4.008,906288.96,1332170.6878999998
501,252.46,5.343,1348893.78,1390062.5078999996
502,241.96,5.263,1273435.48,1336796.2078999996
503,230.64,5.198,1198866.72,1280258.4478999996
504,264.75,5.585,1478628.75,1455956.1779
505,256.42,2.674,685667.0800000001,1500943.4079000002
506,250.51,6.566,1644848.66,1425599.5879
507,232.03,4.057,941345.7100000001,1352924.3379000004
508,238.9,3.861,922392.9,1391183.9279
509,236.39,8.181,1933906.5899999996,1645173.5178999996
510,251.36,9.808,2465338.8800000004,2176605.8079000004
511,225.19,6.775,1525662.25,1290529.1779
512,223.65,5.538,1238573.7000000002,1227120.0278999999
513,228.23,8.632,1970081.3599999999,1681348.2878999999
514,248.68,2.323,577683.64,1495416.8679
515,253.27,8.1,2051487.0,1762753.9279
516,257.96,5.236,1350678.5599999998,1421529.0879
517,269.14,6.587,1772825.1799999997,1551980.1079
518,233.47,3.62,845161.4,1384300.3279000001
519,225.4,3.563,803100.2000000001,1358877.4279
520,244.55,9.835,2405149.2500000005,2116416.1779000005
521,247.27,5.045,1247477.15,1371311.0779
522,238.45,7.795,1858717.7499999998,1574843.1778999998
523,246.6,7.885,1944440.9999999998,1658433.4278999998
524,237.58,4.695,1115438.1,1340784.5279
525,228.12,3.417,779486.04,1377880.6679000002
526,253.76,5.639,1430952.64,1395390.2678999999
527,246.18,3.98,979796.4,1413851.3279
528,235.54,2.802,659983.08,1437896.2079000003
529,217.38,7.222,1569918.36,1306740.6879000003
530,235.1,6.598,1551189.7999999998,1329508.7278999996
531,243.79,3.626,883982.5399999999,1421370.0679000001
532,254.0,7.621,1935734.0000000002,1655983.2279000003
533,249.12,6.169,1536821.2799999998,1383823.2078999998
534,239.28,5.514,1319389.9200000002,1313665.0479000001
535,227.3,6.672,1516545.5999999999,1289240.5279
536,230.85,3.955,913011.75,1354364.1779000002
537,256.46,7.143,1831893.7799999998,1572610.8078999997
538,236.92,0.762,180533.04,1553922.1679000002
539,251.51,5.886,1480387.86,1385866.5879000002
540,215.04,7.767,1670215.68,1387004.7079
541,251.47,9.902,2490055.94,2201322.8679
542,252.9,8.546,2161283.4,1872550.3279000001
543,251.47,4.766,1198506.02,1403127.5479000001
544,229.34,7.48,1715463.2000000002,1439566.1279000002
545,222.84,6.572,1464504.48,1244799.4079000002
546,243.26,6.365,1548349.9,1359091.8279
547,259.01,4.993,1293236.93,1431597.1578999995
548,253.2,6.806,1723279.2,1485790.1279
549,251.31,6.035,1516655.85,1388447.7779
550,256.38,6.309,1617501.4200000002,1438603.3479000002
551,233.53,5.269,1230469.57,1292165.8979
552,260.29,4.142,1078121.1800000002,1464888.3079000006
553,260.39,8.563,2229719.5700000003,1940986.4979000005
554,226.12,5.471,1237102.5200000003,1242764.0479000004
555,247.96,5.737,1422546.52,1363591.5479000004
556,225.21,4.63,1042722.2999999999,1287042.2279
557,247.19,7.239,1789408.41,1525392.6379
558,255.05,7.813,1992705.6500000001,1708404.4779
559,239.98,5.989,1437240.22,1318132.8479
560,249.27,9.067,2260131.0900000003,1971398.0179000006
561,250.68,9.049,2268403.32,1979670.2479
562,244.56,11.657,2850835.92,2562102.8479
563,234.71,2.128,499462.88000000006,1474116.6079000002
564,236.63,11.443,2707757.09,2419024.0179
565,252.51,4.999,1262297.49,1398906.3179
566,245.96,7.447,1831664.12,1557393.9479000003
567,254.56,4.71,1198977.5999999999,1419945.5278999999
568,262.51,7.446,1954649.46,1680428.5879
569,242.35,7.489,1814959.15,1538618.3779
570,235.68,5.997,1413372.96,1292355.9879000003
571,259.12,5.612,1454181.4400000002,1425063.9679000005
572,234.84,6.002,1409509.68,1287406.6079000002
573,224.08,4.953,1109868.24,1259904.4678999996
574,227.84,8.89,2025497.6,1736764.5279
575,240.01,10.563,2535225.63,2246492.5579
576,220.19,4.747,1045241.9299999999,1255409.5579000004
577,240.96,8.396,2023100.1600000001,1734367.0879000002
578,245.34,7.491,1837841.94,1561402.5679
579,237.79,4.976,1183243.04,1326565.5679000001
580,208.74,7.827,1633807.98,1349175.0079
581,249.85,9.441,2358833.85,2070100.7779
582,226.35,3.678,832515.2999999999,1354724.0278999999
583,253.14,3.103,785493.42,1475544.6479
584,237.65,5.05,1200132.5,1322579.4279
585,266.61,5.537,1476219.57,1465004.5979000004
586,271.6,7.604,2065246.4,1785898.5278999999
587,238.17,11.249,2679174.3299999996,2390441.2578999996
588,229.13,6.157,1410753.41,1259975.3379000002
589,248.83,6.278,1562154.74,1388991.6678999998
590,245.19,4.643,1138417.17,1378942.3978999995
591,235.31,6.547,1540574.57,1322769.4979000003
592,216.52,7.886,1707476.7200000002,1421445.4479000003
593,238.23,8.57,2041631.1,1752898.0279
594,263.34,5.895,1552389.2999999998,1455719.7278999998
595,253.46,6.01,1523294.5999999999,1399711.5278999999
596,219.13,7.0,1533909.9999999998,1281676.9278999998
597,234.34,9.82,2301218.8000000003,2012485.7279000005
598,224.24,4.521,1013789.04,1289926.0679000001
599,259.06,10.182,2637748.92,2349015.8479
600,254.73,7.006,1784638.3800000001,1532109.5079
601,234.8,7.904,1855859.2000000002,1569401.3279000001
602,244.66,4.887,1195653.42,1364955.0479000004
603,254.78,8.181,2084355.18,1795622.1079
604,240.55,5.666,1362956.3,1320949.0279
605,264.86,6.012,1592338.32,1468385.2479000003
606,231.72,4.806,1113646.32,1306591.8479000002
607,250.72,8.011,2008517.9199999997,1719784.8478999997
608,237.04,5.403,1280727.1199999999,1305251.8478999997
609,238.81,9.035,2157648.35,1868915.2779
610,244.26,5.523,1349047.9799999997,1341174.8078999994
611,265.36,3.578,949458.08,1500856.8078999997
612,224.34,7.134,1600441.5600000003,1341602.2879000003
613,260.58,6.776,1765690.0799999998,1530481.0078999999
614,254.5,7.142,1817639.0000000002,1558405.3279000004
615,246.74,8.784,2167364.16,1878631.0879000004
616,204.54,7.584,1551231.3599999999,1272357.4878999998
617,252.53,3.526,890420.7799999999,1456998.3079
618,227.56,8.769,1995473.6400000001,1706740.5679000001
619,260.41,4.79,1247363.9000000001,1444979.8279000001
620,234.28,8.448,1979197.4400000002,1690464.3679000002
621,268.48,2.257,605959.3600000001,1542957.9879000005
622,220.33,5.043,1111124.19,1235512.9178999995
623,268.64,5.678,1525337.92,1480466.2478999996
624,253.65,9.489,2406884.8500000006,2118151.7779000006
625,259.31,12.874,3338356.94,3049623.8679
626,254.72,4.356,1109560.32,1433860.8479000002
627,247.82,7.882,1953317.2399999998,1667380.7678999999
628,241.49,3.992,964028.0800000001,1394580.2079000003
629,230.75,4.875,1124906.25,1297710.6779
630,265.29,6.069,1610045.01,1475546.9379
631,257.16,4.79,1231796.4000000001,1429412.3279000001
632,256.74,9.576,2458542.24,2169809.1679000002
633,258.9,7.27,1882202.9999999998,1616658.9278999998
634,248.53,2.6,646178.0,1483054.9279000002
635,233.56,9.084,2121659.04,1832925.9679
636,242.89,10.025,2434972.25,2146239.1779
637,250.31,6.056,1515877.3599999999,1383784.2878999999
638,241.74,6.563,1586539.62,1367518.5479
639,254.39,6.723,1710263.97,1479082.8978999997
640,249.46,7.608,1897891.68,1618449.0078999999
641,236.79,7.643,1809785.97,1529513.7979
642,247.4,8.134,2012351.6,1723618.5279
643,265.74,8.235,2188368.9,1899635.8279000001
644,272.6,10.218,2785426.8000000003,2496693.7279000003
645,238.18,4.395,1046801.0999999999,1359717.5278999999
646,253.33,5.206,1318835.98,1398008.5079
647,270.43,6.276,1697218.68,1524425.6079
648,259.53,5.514,1431048.42,1425323.5479
649,246.1,8.984,2210962.4,1922229.3279000001
650,248.82,7.159,1781302.38,1521230.6079
651,239.5,6.891,1650394.5,1406445.4279
652,264.44,7.646,2021908.24,1741564.9679
653,247.99,8.608,2134697.92,1845964.8479
654,271.57,5.701,1548220.57,1497858.7979000001
655,240.66,6.97,1677400.1999999997,1427447.1278999997
656,208.91,8.016,1674622.56,1385889.4879
657,254.48,7.733,1967893.8399999996,1685488.6678999995
658,259.01,6.167,1597314.67,1444686.5979000002
659,227.29,9.788,2224714.52,1935981.4479000003
660,236.88,4.361,1033033.68,1355874.7079
661,253.86,6.651,1688422.86,1462713.7879
662,253.13,5.606,1419046.7799999998,1391361.5078999999
663,237.96,5.834,1388258.6400000001,1306149.7679
664,256.02,9.124,2335926.48,2047193.4079000002
665,265.12,4.441,1177397.92,1476886.9479
666,234.48,6.411,1503251.2799999998,1305483.2078999998
667,215.91,8.055,1739155.0499999998,1450421.9778999998
668,246.47,3.71,914403.7,1427271.6279
669,259.75,3.022,784964.4999999999,1498659.6279000002
670,237.72,6.81,1618873.2,1381080.1279
671,227.13,5.001,1135877.1300000001,1271916.6579000002
672,256.36,4.891,1253856.76,1421990.7879
673,251.6,7.485,1883226.0,1607082.4279
674,232.36,4.975,1155991.0,1299605.4279
675,248.99,5.344,1330602.56,1371493.8879
676,225.51,5.94,1339529.4000000001,1232118.3279000001
677,253.25,6.798,1721593.5,1484712.4278999998
678,256.0,6.787,1737472.0,1501426.9279000002
679,216.37,6.347,1373300.3900000001,1187372.3179000004
680,250.61,4.055,1016223.5499999999,1428385.9779
681,260.85,7.158,1867164.3000000003,1607141.8279000001
682,245.88,7.047,1732716.3599999999,1478166.1879
683,243.32,5.918,1439967.76,1337808.0878999997
684,241.88,7.378,1784590.64,1513722.1678999998
685,263.06,4.65,1223229.0,1461710.9279
686,266.37,3.393,903793.41,1509193.6378999997
687,231.88,6.179,1432786.52,1277938.4479
688,258.99,11.494,2976831.06,2688097.9879
689,238.1,4.12,980972.0,1374160.9279
690,247.03,6.252,1544431.56,1376078.4879000003
691,271.68,4.841,1315202.8800000001,1497931.9079000002
692,249.99,5.163,1290698.37,1381799.0978999997
693,275.31,7.162,1971770.22,1711550.5479000001
694,251.81,8.536,2149450.1599999997,1860717.0878999997
695,236.33,9.924,2345338.92,2056605.8479
696,239.8,7.184,1722723.2000000002,1461418.9279000002
697,263.23,10.795,2841567.8500000006,2552834.7779000006
698,239.6,2.77,663692.0,1450945.9279000002
699,249.25,8.843,2204117.75,1915384.6779000002
700,259.2,7.257,1881014.4,1616111.2279
701,234.22,8.269,1936765.1800000002,1648032.1079000002
702,203.89,10.298,2099659.22,1810926.1479000002
703,232.59,6.74,1567656.6,1335183.5279
704,260.52,10.925,2846181.0,2557447.9279
705,255.67,6.845,1750061.1499999997,1509608.0778999997
706,238.34,8.709,2075703.0599999998,1786969.9878999998
707,262.12,10.958,2872310.9600000004,2583577.8879000004
708,242.92,5.737,1393632.04,1334677.0679000004
709,243.5,7.741,1884933.4999999998,1602338.7278999998
710,255.12,7.534,1922074.08,1644385.2079
711,249.43,6.193,1544719.99,1387281.9178999998
712,243.61,6.975,1699179.75,1448846.6779
713,249.22,5.198,1295445.56,1376837.2878999996
714,242.25,7.821,1894637.25,1610146.4779
715,253.44,4.659,1180776.96,1416631.7878999999
716,222.29,10.094,2243795.26,1955062.1879
717,235.11,5.983,1406663.13,1288987.9578999996
718,227.57,7.737,1760709.09,1478209.1179000002
719,245.53,6.737,1654135.61,1421890.5379000003
720,252.75,5.148,1301157.0,1396418.7278999996
721,228.5,5.83,1332155.0,1251000.9279
722,239.1,8.827,2110535.6999999997,1821802.6278999997
723,241.25,4.076,983334.9999999999,1389367.5278999999
724,240.06,8.431,2023945.8599999999,1735212.7878999999
725,249.0,5.22,1299780.0,1375068.9279
726,243.84,2.705,659587.2000000001,1465814.6279000002
727,267.02,7.736,2065666.7199999997,1783190.4478999998
728,217.45,11.071,2407388.95,2118655.8779
729,237.05,9.757,2312896.85,2024163.7779000003
730,252.85,6.214,1571209.9000000001,1409886.8279000001
731,240.64,6.437,1548999.68,1346421.6079000002
732,253.1,8.703,2202729.3,1913996.2279
733,268.5,5.466,1467621.0,1474669.5279
734,239.16,2.266,541936.5599999999,1476308.0879
735,240.62,3.328,800783.36,1425157.0879
736,256.31,5.899,1511972.69,1414348.3179
737,221.76,3.461,767511.36,1353062.3879000002
738,223.17,9.413,2100699.21,1811966.1379
739,243.47,4.135,1006748.45,1395558.8779
740,250.41,3.577,895716.57,1447407.1979000003
741,241.59,7.012,1694029.08,1441204.4079000002
742,233.46,4.053,946213.38,1358959.6078999997
743,251.82,3.711,934504.02,1447080.0479000001
744,242.56,5.657,1372161.92,1332302.9479000003
745,225.58,4.471,1008568.18,1299300.2079
746,252.28,5.467,1379214.7599999998,1385985.8879000002
747,196.3,5.981,1174070.3,1056872.5279
748,254.68,7.078,1802625.04,1546546.5679
749,260.49,8.136,2119346.6399999997,1830613.5678999997
750,263.34,4.127,1086804.18,1477949.8079000004
751,247.03,6.014,1485638.42,1361315.3479
752,255.64,5.458,1395283.12,1404550.8478999997
753,247.88,8.066,1999400.08,1710667.0079
754,245.66,6.718,1650343.88,1419542.8078999997
755,226.19,9.793,2215078.67,1926345.5979000002
756,246.64,6.541,1613272.24,1395923.1679
757,256.51,6.769,1736316.19,1501639.1179
758,235.06,7.442,1749316.52,1475292.8479000002
759,250.91,7.781,1952330.71,1668787.9379
760,230.11,6.561,1509751.71,1290882.6379
761,232.77,6.0,1396620.0000000002,1274886.9279000002
762,259.73,5.102,1325142.4600000002,1433164.5879000006
763,235.32,5.736,1349795.5199999998,1291079.2478999998
764,223.69,9.066,2027973.5400000003,1739240.4679000003
765,231.98,6.734,1562153.3199999998,1330136.2478999998
766,235.3,9.273,2181936.9000000004,1893203.8279000006
767,223.86,6.138,1374052.68,1226789.6078999997
768,260.65,9.477,2470180.05,2181446.9779
769,254.4,4.086,1039478.4000000001,1442591.9279000002
770,253.54,4.656,1180482.2399999998,1417212.7678999999
771,228.18,4.442,1013575.56,1312772.6879000005
772,263.75,2.149,566798.75,1535322.5779000001
773,235.76,4.379,1032393.0399999999,1349979.8679
774,267.07,6.832,1824622.24,1585157.1679000002
775,262.48,5.58,1464638.4000000001,1443159.3279000001
776,259.84,5.923,1539032.3199999998,1435679.1478999995
777,243.22,8.45,2055208.9999999998,1766475.9278999998
778,240.26,4.13,992273.7999999999,1382543.7278999998
779,250.35,7.053,1765718.55,1510872.5779
780,255.66,10.389,2656051.7399999998,2367318.6679
781,230.07,6.199,1426203.93,1267655.8579
782,244.68,8.231,2013961.08,1725228.0079
783,223.67,4.095,915928.6499999999,1316415.0779000001
784,234.99,8.407,1975560.9300000002,1686827.8579000002
785,248.06,6.251,1550623.06,1382454.9879
786,239.35,6.132,1467694.2,1321541.1279000002
787,250.52,7.514,1882407.28,1605192.4079
788,255.45,4.072,1040192.3999999999,1447392.5279000003
789,261.8,6.942,1817415.6,1569590.5279000003
790,253.15,5.701,1443208.15,1392846.3779
791,224.01,6.361,1424927.6099999999,1236409.5378999999
792,226.07,5.485,1239993.95,1241771.8779
793,255.72,5.838,1492893.36,1409829.6878999998
794,219.93,4.15,912709.5000000001,1297141.4279
795,251.0,10.244,2571244.0,2282510.9279
796,258.8,9.691,2508030.8000000003,2219297.7279000003
797,242.14,5.173,1252590.22,1340916.9478999996
798,251.77,5.294,1332870.38,1387631.7078999998
799,234.04,4.763,1114732.52,1320229.7478999996
800,263.7,3.293,868364.1,1502954.3278999997
801,233.46,7.689,1795073.94,1513711.5679
802,217.02,5.271,1143912.4200000002,1205053.9479000003
803,277.85,6.685,1857427.25,1629134.1779
804,258.24,4.368,1127992.32,1448790.0478999997
805,262.74,4.658,1223842.9200000002,1459989.6478999997
806,251.38,2.866,720455.0800000001,1479686.6079000004
807,245.71,11.645,2861292.95,2572559.8779
808,250.64,5.505,1379773.2,1376196.6279
809,235.52,7.487,1763338.24,1487096.0679000001
810,226.37,5.856,1325622.72,1238262.4479
811,252.3,4.094,1032916.2000000001,1433694.5279
812,217.96,8.765,1910419.4000000001,1621686.3279000001
813,241.17,9.972,2404947.2399999998,2116214.1679
814,232.87,7.914,1842933.18,1556238.3079
815,234.92,7.623,1790795.16,1510996.9878999998
816,213.72,6.654,1422092.88,1196155.8079
817,247.2,2.407,595010.4,1488224.0279
818,250.1,7.247,1812474.7,1548064.5279
819,240.27,9.535,2290974.45,2002241.3779000004
820,237.75,8.374,1990918.5000000002,1702185.4279000002
821,258.52,6.577,1700286.04,1480200.9679000003
822,241.42,5.592,1350020.6399999997,1325677.1679
823,256.58,6.167,1582328.8599999999,1429700.7879
824,245.77,6.167,1515663.59,1363035.5179000003
825,220.29,11.17,2460639.3,2171906.2279
826,228.54,6.73,1538074.2,1306361.1279
827,261.78,5.89,1541884.1999999997,1446408.1278999997
828,217.21,5.082,1103861.22,1217431.3479000004
829,270.4,3.242,876636.7999999999,1526113.9279000002
830,223.86,7.218,1615821.48,1352841.0078999999
831,235.39,6.35,1494726.4999999998,1308243.4278999998
832,234.17,4.241,993114.9699999999,1350983.9978999998
833,265.05,8.335,2209191.7500000005,1920458.6779000007
834,278.27,4.414,1228283.7799999998,1535654.1078999997
835,242.49,2.805,680184.4500000001,1457221.8779000002
836,241.39,3.927,947938.53,1397464.1579000002
837,258.72,3.141,812639.52,1491598.5479000004
838,248.41,7.69,1910272.9000000001,1628886.8279000001
839,244.96,8.614,2110085.4400000004,1821352.3679000004
840,254.69,11.454,2917219.2600000002,2628486.1879000003
841,251.21,8.191,2057661.1100000006,1768928.0379000006
842,255.35,5.652,1443238.2,1404572.7279000003
843,254.27,3.77,958597.9000000001,1453951.8279000001
844,219.68,6.188,1359379.84,1202866.7678999999
845,235.83,4.52,1065951.5999999999,1342380.5278999999
846,234.17,8.168,1912700.5599999998,1623967.4878999998
847,214.27,6.603,1414824.81,1192763.7378999998
848,256.21,8.16,2090673.6,1801940.5279
849,252.07,6.561,1653831.27,1434962.1979
850,224.07,7.911,1772617.7699999998,1485993.9978999998
851,255.31,7.152,1825977.12,1566250.4479000003
852,237.68,9.104,2163838.7199999997,1875105.6479
853,243.77,5.47,1333421.9000000001,1339360.8279000001
854,248.18,4.885,1212359.3,1382244.7279
855,219.08,9.774,2141287.92,1852554.8479
856,257.62,7.241,1865426.42,1601312.0479
857,268.91,6.126,1647342.6600000001,1502299.5879000002
858,249.07,6.366,1585579.6199999999,1396136.5479
859,251.37,6.627,1665828.99,1441943.9179000002
860,254.35,4.472,1137453.2000000002,1427893.3279000006
861,265.6,5.617,1491875.2000000002,1461564.2279000005
862,243.73,5.047,1230105.3099999998,1353384.4379000003
863,261.43,5.634,1472896.62,1438527.7479
864,236.71,5.87,1389487.7000000002,1298785.6279000002
865,242.03,8.295,2007638.85,1718905.7779
866,234.3,8.746,2049187.8,1760454.7279
867,253.61,5.581,1415397.4100000001,1393679.6379000002
868,239.51,8.319,1992483.69,1703750.6179
869,237.98,11.432,2720587.36,2431854.2879
870,252.65,7.087,1790530.55,1534008.3779000002
871,263.84,4.832,1274874.88,1460231.0079000003
872,233.75,4.559,1065666.25,1330711.0779
873,227.85,5.483,1249301.5499999998,1251634.2778999994
874,232.54,5.247,1220137.38,1287936.5079000003
875,256.36,3.75,961350.0,1462541.9279
876,233.19,5.791,1350403.29,1278558.5179
877,249.26,4.584,1142607.8399999999,1400355.1678999998
878,260.34,5.667,1475346.7799999998,1433100.8079000001
879,250.07,8.503,2126345.21,1837612.1379
880,262.24,5.433,1424749.92,1440952.6478999995
881,223.75,7.595,1699381.25,1420246.6779
882,257.69,8.232,2121304.08,1832571.0079
883,225.01,4.238,953592.38,1312337.1078999997
884,230.43,5.699,1313220.57,1263336.1979
885,248.63,8.046,2000476.98,1711743.9079
886,245.71,5.812,1428066.52,1351209.0479000004
887,234.59,4.963,1164270.17,1311387.3978999995
888,257.05,3.564,916126.2000000001,1471611.5279
889,251.89,6.124,1542574.3599999999,1397901.2878999999
890,231.14,4.218,974948.5199999999,1339531.2478999996
891,258.76,8.167,2113292.92,1824559.8479
892,238.17,2.277,542313.09,1473473.7179
893,251.11,5.726,1437855.86,1381526.5879000002
894,243.16,7.702,1872818.3199999998,1591147.8479
895,246.27,5.63,1386500.0999999999,1353086.0278999999
896,236.54,6.138,1451882.5199999998,1304619.4478999996
897,254.82,7.555,1925165.0999999999,1646978.5278999999
898,247.58,8.61,2131663.8,1842930.7278999998
899,260.58,6.214,1619244.12,1457921.0479000001
900,245.19,7.969,1953919.11,1665920.7379
901,248.19,3.173,787506.87,1457125.0979
902,258.19,8.096,2090306.24,1801573.1679
903,244.19,7.423,1812622.37,1539535.3979
904,237.15,7.306,1732617.9,1465299.0278999999
905,238.66,6.313,1506660.58,1327022.5078999999
906,257.07,7.797,2004374.7899999998,1720452.8179
907,237.43,7.436,1765529.4800000002,1491801.6079000002
908,249.94,5.658,1414160.52,1374062.8478999997
909,233.9,10.677,2497350.3000000003,2208617.2279000003
910,221.47,4.846,1073243.6199999999,1254513.1479
911,207.31,8.884,1841742.04,1553008.9679
912,265.29,4.442,1178418.1800000002,1477615.3079000006
913,212.13,9.027,1914897.5099999998,1626164.4378999998
914,230.12,8.443,1942903.16,1654170.0879
915,247.06,6.886,1701255.16,1457686.0879
916,242.88,6.843,1662027.84,1421726.7678999999
917,231.88,5.959,1381772.92,1269826.5479
918,260.26,12.248,3187664.48,2898931.4079
919,255.22,4.57,1166355.4000000001,1428189.3279000001
920,255.41,5.611,1433105.5099999998,1404226.7378999998
921,252.62,3.254,822025.48,1467999.8079000001
922,233.28,7.32,1707609.6,1439600.5279
923,234.03,7.685,1798520.55,1517252.9779
924,251.78,3.734,940146.52,1446008.8479
925,230.01,7.749,1782347.49,1499563.1179
926,249.42,7.828,1952459.76,1667803.0879
927,214.43,8.691,1863611.1300000001,1574878.0579000001
928,245.59,6.438,1581108.42,1378345.3478999997
929,244.46,4.738,1158251.4800000002,1371046.2078999998
930,230.46,7.841,1807036.86,1522072.0879000002
931,245.67,8.078,1984522.2599999998,1695789.1878999998
932,259.5,8.903,2310328.5,2021595.4279000002
933,250.57,4.188,1049387.16,1422726.8878999995
934,247.85,8.417,2086153.4499999997,1797420.3778999997
935,239.23,7.679,1837047.1700000002,1555921.7979000001
936,250.1,6.28,1570628.0,1397094.9279
937,242.37,2.79,676212.3,1457628.2279
938,244.36,0.349,85281.64,1579225.4679000003
939,251.1,5.675,1424992.4999999998,1380836.9278999998
940,260.29,5.665,1474542.85,1432774.2779
941,257.61,7.89,2032542.9,1746416.8279
942,252.88,5.141,1300056.08,1397259.6079000002
943,261.19,7.693,2009334.67,1727877.4978999998
944,252.98,7.932,2006637.3599999999,1719515.8879
945,229.25,6.457,1480267.2499999998,1273989.1779
946,253.6,8.263,2095496.7999999998,1806763.7278999998
947,260.52,4.459,1161658.6799999997,1455893.5078999996
948,260.29,9.669,2516744.0100000002,2228010.9379000003
949,263.56,4.398,1159136.8800000001,1471177.6079
950,238.77,0.883,210833.91,1548903.1379
951,245.81,6.364,1564334.84,1375261.7679
952,229.04,6.668,1527238.72,1300237.6478999997
953,245.15,8.705,2134030.75,1845297.6779
954,244.42,7.611,1860280.6199999999,1580766.8479
955,226.16,7.431,1680594.96,1407113.5879
956,245.1,4.751,1164470.1,1373470.1279000002
957,249.44,8.383,2091055.5199999998,1802322.4478999998
958,273.82,8.929,2444938.78,2156205.7079
959,263.43,3.826,1007883.18,1486890.7079
960,233.71,8.012,1872484.5200000003,1583751.4479000003
961,246.57,8.075,1991052.7499999998,1702319.6778999998
962,248.07,7.106,1762785.42,1505326.5479
963,259.23,8.013,2077209.9900000002,1788476.9179000002
964,249.46,3.414,851656.4400000001,1450926.7679
965,259.39,10.405,2698952.9499999997,2410219.8778999997
966,255.69,9.197,2351580.9299999997,2062847.8578999997
967,243.97,6.654,1623376.38,1397439.3079
968,240.31,5.246,1260666.2600000002,1328742.7879000003
969,230.82,4.582,1057617.24,1315948.3679000004
970,241.21,8.756,2112034.76,1823301.6878999998
971,228.01,4.876,1111776.76,1284289.2879
972,226.14,7.406,1674792.8399999999,1402543.9678999998
973,236.19,3.736,882405.84,1387684.3679000002
974,263.93,7.507,1981322.51,1704273.5379
975,270.82,6.855,1856471.1,1615258.0279
976,230.59,7.666,1767702.9400000002,1486885.6679000002
977,248.23,9.206,2285205.38,1996472.3079000001
978,224.05,5.873,1315845.6500000001,1224427.4778999998
979,257.27,4.473,1150768.7099999997,1440916.9378999993
980,244.22,7.395,1806006.9,1534300.3279
981,230.91,5.273,1217588.43,1278175.1578999995
982,236.53,6.155,1455842.1500000001,1305434.0779000001
983,238.61,2.809,670255.4900000001,1446125.3179000001
984,254.42,2.618,666071.5599999999,1497694.2878999999
985,221.9,3.441,763557.9,1354946.9279000002
986,228.34,5.98,1365473.2000000002,1248514.1279000002
987,264.37,4.791,1266596.6700000002,1463920.6979000003
988,233.34,4.684,1092964.56,1321521.8879
989,241.38,8.615,2079488.7,1790755.6279
990,251.5,3.085,775877.4999999999,1471182.9279
991,245.9,5.799,1425974.1,1352219.7279
992,236.71,7.494,1773904.74,1497317.4679
993,254.01,5.251,1333806.51,1400496.0379
994,258.96,7.807,2021700.72,1737541.7479
995,247.05,5.927,1464265.3499999999,1359957.3779000002
996,253.23,6.957,1761721.1099999999,1512756.0379
997,242.14,5.403,1308282.4199999997,1332807.1478999995
998,259.24,5.875,1523035.0,1431139.4279
999,264.38,9.474,2504736.12,2216003.0479
